source,name from website,Group_Name_Eng,Group_Name_TH,option,weight (kg),selling price (THB),price per kg (THB),link
ไต้ก๋ง ซีฟู้ด,ปลากระบอก ปลาล้อบัน (ปลาลอบัน),Mullet,ปลากระบอก,300 กรัม,0.3,100,333,https://taikongseafood.com/product/mullet/
ไต้ก๋ง ซีฟู้ด,ปลากระบอก ปลาล้อบัน (ปลาลอบัน),Mullet,ปลากระบอก,1.1 กิโล,1.1,300,273,https://taikongseafood.com/product/mullet/
ไต้ก๋ง ซีฟู้ด,หมึกไข่ หมึกกล้วยไข่,Squid,หมึก,XL : 4-6 ตัวโล,1,450,450,https://taikongseafood.com/product/squid-eggs/
ไต้ก๋ง ซีฟู้ด,หมึกไข่ หมึกกล้วยไข่,Squid,หมึก,L : 7-10 ตัวโล,1,400,400,https://taikongseafood.com/product/squid-eggs/
ไต้ก๋ง ซีฟู้ด,หมึกไข่ หมึกกล้วยไข่,Squid,หมึก,M : 12-18 ตัวโล,1,350,350,https://taikongseafood.com/product/squid-eggs/
ไต้ก๋ง ซีฟู้ด,กุ้งแกะเปลือก กุ้งแชบ๊วย กุ้งลายเสือ,Tiger Prawn,กุ้งลายเสือ,-,0.25,220,880,https://taikongseafood.com/product/shrimp-ready-to-cook/
ไต้ก๋ง ซีฟู้ด,กุ้งลายเสือ,Tiger Prawn,กุ้งลายเสือ,10-12 ตัวโล,1,850,850,https://taikongseafood.com/product/tiger-prawn/
ไต้ก๋ง ซีฟู้ด,กุ้งลายเสือ,Tiger Prawn,กุ้งลายเสือ,13-16 ตัวโล,1,800,800,https://taikongseafood.com/product/tiger-prawn/
ไต้ก๋ง ซีฟู้ด,กุ้งลายเสือ,Tiger Prawn,กุ้งลายเสือ,20-25 ตัวโล,1,650,650,https://taikongseafood.com/product/tiger-prawn/
ไต้ก๋ง ซีฟู้ด,กุ้งลายเสือ,Tiger Prawn,กุ้งลายเสือ,26-30 ตัวโล,1,550,550,https://taikongseafood.com/product/tiger-prawn/
ไต้ก๋ง ซีฟู้ด,กุ้งลายเสือ,Tiger Prawn,กุ้งลายเสือ,31-35 ตัวโล,1,450,450,https://taikongseafood.com/product/tiger-prawn/
ไต้ก๋ง ซีฟู้ด,กุ้งแชบ๊วย,Banana Prawn,กุ้งแชบ๊วย,17-20 ตัวโล,1,650,650,https://taikongseafood.com/product/banana-shrimp/
ไต้ก๋ง ซีฟู้ด,กุ้งแชบ๊วย,Banana Prawn,กุ้งแชบ๊วย,21-25 ตัวโล,1,550,550,https://taikongseafood.com/product/banana-shrimp/
ไต้ก๋ง ซีฟู้ด,กุ้งแชบ๊วย,Banana Prawn,กุ้งแชบ๊วย,26-30 ตัวโล,1,520,520,https://taikongseafood.com/product/banana-shrimp/
ไต้ก๋ง ซีฟู้ด,กุ้งแชบ๊วย,Banana Prawn,กุ้งแชบ๊วย,31-35 ตัวโล,1,450,450,https://taikongseafood.com/product/banana-shrimp/
ไต้ก๋ง ซีฟู้ด,ปลาสำลี,Black-banded Trevally,ปลาสำลี,-,1,380,380,https://taikongseafood.com/product/%E0%B8%9B%E0%B8%A5%E0%B8%B2%E0%B8%AA%E0%B8%B3%E0%B8%A5%E0%B8%B5
ไต้ก๋ง ซีฟู้ด,ปลาแดง หรือ ปลาทรายแดง,Sand Whiting,ปลาทราย,-,1,250,250,https://taikongseafood.com/product/red-fish/
ไต้ก๋ง ซีฟู้ด,ปลาอินทรีย์เค็ม,Spanish Mackerel,ปลาอินทรี,ปลาอินทรีย์เค็ม (อินทรีย์บั้ง),0.5,350,700,https://taikongseafood.com/product/salted-dry-fish/
ไต้ก๋ง ซีฟู้ด,ปลาอินทรีย์เค็ม,Spanish Mackerel,ปลาอินทรี,ปลาอินทรีย์เค็ม (อินทรีย์จุด),0.5,280,560,https://taikongseafood.com/product/salted-dry-fish/
ไต้ก๋ง ซีฟู้ด,หมึกกล้วย ไม่โดนน้ำจืด,Squid,หมึก,XXL : 2-3 ตัวโล,0.5,490,980,https://taikongseafood.com/product/small-squid/
ไต้ก๋ง ซีฟู้ด,หมึกกล้วย ไม่โดนน้ำจืด,Squid,หมึก,XL : 4-6 ตัวโล,0.5,450,900,https://taikongseafood.com/product/small-squid/
ไต้ก๋ง ซีฟู้ด,หมึกกล้วย ไม่โดนน้ำจืด,Squid,หมึก,L : 7-10 ตัวโล,0.5,400,800,https://taikongseafood.com/product/small-squid/
ไต้ก๋ง ซีฟู้ด,หมึกกล้วย ไม่โดนน้ำจืด,Squid,หมึก,M : 11-20 ตัวโล,0.5,380,760,https://taikongseafood.com/product/small-squid/
ไต้ก๋ง ซีฟู้ด,หมึกกล้วย ไม่โดนน้ำจืด,Squid,หมึก,S : 21-30 ตัวโล,0.5,350,700,https://taikongseafood.com/product/small-squid/
ไต้ก๋ง ซีฟู้ด,ปลาทู ปลาทูสด,Short-bodied Mackerel,ปลาทู,-,1,230,230,https://taikongseafood.com/product/short-mackerel/
ไต้ก๋ง ซีฟู้ด,ปลาเหลืองญี่ปุ่น หางเหลือง,Yellowtail,หางเหลือง,M : 600-700 กรัม,0.6,280,467,https://taikongseafood.com/product/yellow-tail-fusilier/
ไต้ก๋ง ซีฟู้ด,ปลาเหลืองญี่ปุ่น หางเหลือง,Yellowtail,หางเหลือง,L : 700-800 กรัม,0.6,290,483,https://taikongseafood.com/product/yellow-tail-fusilier/
ไต้ก๋ง ซีฟู้ด,ปลาเก๋าดอกแดง,Grouper,ปลาเก๋า,แล่ชิ้นหนา 500 กรัม,0.5,450,900,https://taikongseafood.com/product/orange-spotted-grouper/
ไต้ก๋ง ซีฟู้ด,ปลาเก๋าดอกแดง,Grouper,ปลาเก๋า,แล่ชิ้นบาง 250 กรัม,0.25,200,800,https://taikongseafood.com/product/orange-spotted-grouper/
ไต้ก๋ง ซีฟู้ด,ปลาเก๋าดอกแดง,Grouper,ปลาเก๋า,ชุดหัวกระดูก 500 กรัม,0.5,250,500,https://taikongseafood.com/product/orange-spotted-grouper/
Sawasdee Seafood,กุ้งแม่น้ำใหญ่ สด ๆ แบบแช่เย็น (1 กิโลกรัม),Prawn,กุ้งแม่น้ำ,กุ้งขนาด 3 ตัว/กิโลกรัม,1,"1,250",1250,https://www.sawasdeeseafood.com/product/%e0%b8%81%e0%b8%b8%e0%b9%89%e0%b8%87%e0%b9%81%e0%b8%a1%e0%b9%88%e0%b8%99%e0%b9%89%e0%b8%b3%e0%b9%83%e0%b8%ab%e0%b8%8d%e0%b9%88-1%e0%b8%81%e0%b8%81/
Sawasdee Seafood,กุ้งแม่น้ำใหญ่ สด ๆ แบบแช่เย็น (1 กิโลกรัม),Prawn,กุ้งแม่น้ำ,กุ้งขนาด 4 ตัว/กิโลกรัม,1,"1,050",1050,https://www.sawasdeeseafood.com/product/%e0%b8%81%e0%b8%b8%e0%b9%89%e0%b8%87%e0%b9%81%e0%b8%a1%e0%b9%88%e0%b8%99%e0%b9%89%e0%b8%b3%e0%b9%83%e0%b8%ab%e0%b8%8d%e0%b9%88-1%e0%b8%81%e0%b8%81/
Sawasdee Seafood,กุ้งแม่น้ำใหญ่ สด ๆ แบบแช่เย็น (1 กิโลกรัม),Prawn,กุ้งแม่น้ำ,กุ้งขนาด 5 ตัว/กิโลกรัม,1,950,950,https://www.sawasdeeseafood.com/product/%e0%b8%81%e0%b8%b8%e0%b9%89%e0%b8%87%e0%b9%81%e0%b8%a1%e0%b9%88%e0%b8%99%e0%b9%89%e0%b8%b3%e0%b9%83%e0%b8%ab%e0%b8%8d%e0%b9%88-1%e0%b8%81%e0%b8%81/
Sawasdee Seafood,กุ้งแม่น้ำใหญ่ สด ๆ แบบแช่เย็น (1 กิโลกรัม),Prawn,กุ้งแม่น้ำ,กุ้งขนาด 6–8 ตัว/กิโลกรัม,1,750,750,https://www.sawasdeeseafood.com/product/%e0%b8%81%e0%b8%b8%e0%b9%89%e0%b8%87%e0%b9%81%e0%b8%a1%e0%b9%88%e0%b8%99%e0%b9%89%e0%b8%b3%e0%b9%83%e0%b8%ab%e0%b8%8d%e0%b9%88-1%e0%b8%81%e0%b8%81/
Sawasdee Seafood,กุ้งแม่น้ำใหญ่ สด ๆ แบบแช่เย็น (1 กิโลกรัม),Prawn,กุ้งแม่น้ำ,กุ้งขนาด 8–10 ตัว/กิโลกรัม,1,700,700,https://www.sawasdeeseafood.com/product/%e0%b8%81%e0%b8%b8%e0%b9%89%e0%b8%87%e0%b9%81%e0%b8%a1%e0%b9%88%e0%b8%99%e0%b9%89%e0%b8%b3%e0%b9%83%e0%b8%ab%e0%b8%8d%e0%b9%88-1%e0%b8%81%e0%b8%81/
Sawasdee Seafood,กุ้งแม่น้ำใหญ่ สด ๆ แบบแช่เย็น (บรรจุแพ็คละ 1 ตัว),Prawn,กุ้งแม่น้ำ,S ขนาด 6 ตัว/กิโลกรัม,1,200,200,https://www.sawasdeeseafood.com/product/%e0%b8%81%e0%b8%b8%e0%b9%89%e0%b8%87%e0%b9%81%e0%b8%a1%e0%b9%88%e0%b8%99%e0%b9%89%e0%b8%b3%e0%b9%83%e0%b8%ab%e0%b8%8d%e0%b9%88-1%e0%b8%81%e0%b8%81/
Sawasdee Seafood,กุ้งแม่น้ำใหญ่ สด ๆ แบบแช่เย็น (บรรจุแพ็คละ 1 ตัว),Prawn,กุ้งแม่น้ำ,M ขนาด 5 ตัว/กิโลกรัม,1,250,250,https://www.sawasdeeseafood.com/product/%e0%b8%81%e0%b8%b8%e0%b9%89%e0%b8%87%e0%b9%81%e0%b8%a1%e0%b9%88%e0%b8%99%e0%b9%89%e0%b8%b3%e0%b9%83%e0%b8%ab%e0%b8%8d%e0%b9%88-1%e0%b8%81%e0%b8%81/
Sawasdee Seafood,กุ้งแม่น้ำใหญ่ สด ๆ แบบแช่เย็น (บรรจุแพ็คละ 1 ตัว),Prawn,กุ้งแม่น้ำ,L ขนาด 4 ตัว/กิโลกรัม,1,350,350,https://www.sawasdeeseafood.com/product/%e0%b8%81%e0%b8%b8%e0%b9%89%e0%b8%87%e0%b9%81%e0%b8%a1%e0%b9%88%e0%b8%99%e0%b9%89%e0%b8%b3%e0%b9%83%e0%b8%ab%e0%b8%8d%e0%b9%88-1%e0%b8%81%e0%b8%81/
Sawasdee Seafood,กุ้งแม่น้ำใหญ่ สด ๆ แบบแช่เย็น (บรรจุแพ็คละ 1 ตัว),Prawn,กุ้งแม่น้ำ,XL ขนาด 3 ตัว/กิโลกรัม,1,450,450,https://www.sawasdeeseafood.com/product/%e0%b8%81%e0%b8%b8%e0%b9%89%e0%b8%87%e0%b9%81%e0%b8%a1%e0%b9%88%e0%b8%99%e0%b9%89%e0%b8%b3%e0%b9%83%e0%b8%ab%e0%b8%8d%e0%b9%88-1%e0%b8%81%e0%b8%81/
Sawasdee Seafood,ท้องแซลมอน แบบแช่แข็ง แพ็คละ 500 กรัม,Salmon,แซลมอน,-,0.5,250,500,https://www.sawasdeeseafood.com/product/salmon-belly/
Sawasdee Seafood,ปลากระพงผ่าผีเสื้อแบบติดก้าง แบบแช่แข็ง ขนาด 600-700 กรัมต่อตัว,Sea Bass,ปลากะพง,-,0.6,220,367,https://www.sawasdeeseafood.com/product/frozen-sea-bass/
Sawasdee Seafood,ปลาอินทรีย์แดดเดียว ขนาด 300 กรัม ต่อแพ็ค,Spanish Mackerel,ปลาอินทรี,-,0.3,250,833,https://www.sawasdeeseafood.com/product/sun-dried-king-mackerel/
Sawasdee Seafood,หมึกหอมเซลล์ แบบแช่แข็ง เกรดซาซิมิ ขนาด 3-4 ตัวโล จำนวน 1 กิโลกรัม,Squid,หมึก,-,1,470,470,https://www.sawasdeeseafood.com/product/cuttlefish/
Sawasdee Seafood,หมึกไข่แดดเดียว ขนาด 500 กรัมต่อแพ็ค,Squid,หมึก,-,0.5,250,500,https://www.sawasdeeseafood.com/product/sun-dried-squid/
Sawasdee Seafood,หอยนางรมเกาหลีฝาเดียว แบบแช่แข็ง เกรดซาซิมิ ขนาด 10-12 CM (ไซส์ L) แพ็คละ 10 ตัว,Oyster,หอยนางรม,-,-,350,-,https://www.sawasdeeseafood.com/product/korean-oyster/
Sawasdee Seafood,หอยหวานแช่แข็ง ขนาด 30-50 ตัว/กิโลกรัม,Spotted Babylon,หอยหวาน,1 กิโลกรัม,1,190,190,https://www.sawasdeeseafood.com/product/spotted-babylon/
Sawasdee Seafood,หอยหวานแช่แข็ง ขนาด 30-50 ตัว/กิโลกรัม,Spotted Babylon,หอยหวาน,2 กิโลกรัม,2,380,190,https://www.sawasdeeseafood.com/product/spotted-babylon/
Sawasdee Seafood,หอยเชลล์ฝาเดียว แบบแช่แข็ง แพ็คละ 20 ฝา,Scallops,หอยเชลล์,-,-,220,-,https://www.sawasdeeseafood.com/product/scallops/
HENG HENG Seafood,ปูไข่,Crab Meat,เนื้อปูแกะ,,1,1250,1250,https://www.henghengseafood.com/product/179674-175895/ปูไข่
HENG HENG Seafood,ปูเนื้อ,Crab Meat,เนื้อปูแกะ,,1,1300,1300,https://www.henghengseafood.com/product/179673-175894/ปูเนื้อ
HENG HENG Seafood,กรรเชียงพาย,Crab Meat,เนื้อปูแกะ,0.5 กิโลกรัม,0.5,1450,2900,https://www.henghengseafood.com/product/179672/กรรเชียงพาย
HENG HENG Seafood,กรรเชียงพาย,Crab Meat,เนื้อปูแกะ,1 กิโลกรัม,1,2800,2800,https://www.henghengseafood.com/product/179672/กรรเชียงพาย
HENG HENG Seafood,ปูก้อนเกรด A,Crab Meat,เนื้อปูแกะ,0.5 กิโลกรัม,0.5,1600,3200,https://www.henghengseafood.com/product/179671/ปูก้อนเกรด-a
HENG HENG Seafood,ปูก้อนเกรด A,Crab Meat,เนื้อปูแกะ,1 กิโลกรัม,1,3500,3500,https://www.henghengseafood.com/product/179671/ปูก้อนเกรด-a
HENG HENG Seafood,ปูก้อนพรีเมียม,Crab Meat,เนื้อปูแกะ,,,,-,https://www.henghengseafood.com/product/179670/ปูก้อนพรีเมียม
HENG HENG Seafood,ปูไข่ดอง น้ำปลากวน,Pickled Crab,ปูดอง,,,650,-,https://www.henghengseafood.com/product/179669-175887/ปูไข่ดอง-น้ำปลากวน
HENG HENG Seafood,ปูม้านึ่ง,Blue Swimmer Crab,ปูม้า,,,,-,https://www.henghengseafood.com/product/179668-175886/ปูม้านึ่ง
HENG HENG Seafood,ปูม้า,Blue Swimmer Crab,ปูม้า,,,,-,https://www.henghengseafood.com/product/179667-175885/ปูม้า
HENG HENG Seafood,หิมะส่วนหาง,Snow Fish,ปลาหิมะ,,,490,-,https://www.henghengseafood.com/product/179666-175884/หิมะส่วนหาง
HENG HENG Seafood,หิมะ Fillet,Snow Fish,ปลาหิมะ,,,475,-,https://www.henghengseafood.com/product/179665-175883/หิมะ-fillet
HENG HENG Seafood,หิมะเบบี้,Snow Fish,ปลาหิมะ,,,990,-,https://www.henghengseafood.com/product/179664-175882/หิมะเบบี้
HENG HENG Seafood,หิมะแว่น,Snow Fish,ปลาหิมะ,,,850,-,https://www.henghengseafood.com/product/179663-175881/หิมะแว่น
HENG HENG Seafood,แซลมอนพรีเมียม,Salmon,แซลมอน,,,890,-,https://www.henghengseafood.com/product/179661/แซลมอนพรีเมียม
HENG HENG Seafood,แซลมอนซาซิมิ,Salmon,แซลมอน,,,490,-,https://www.henghengseafood.com/product/179659/แซลมอนซาซิมิ
HENG HENG Seafood,แซลมอนเบบี้,Salmon,แซลมอน,,,650,-,https://www.henghengseafood.com/product/179658-175871/แซลมอนเบบี้
HENG HENG Seafood,แซลมอน Pack 5,Salmon,แซลมอน,,,990,-,https://www.henghengseafood.com/product/179657-175870/แซลมอน-pack-5
HENG HENG Seafood,แซลมอน Fillet 2ขีด,Salmon,แซลมอน,,,350,-,https://www.henghengseafood.com/product/179656/แซลมอน-fillet-2ขีด
HENG HENG Seafood,ปลาสำลี,Black-banded Trevally,ปลาสำลี,,,390,-,https://www.henghengseafood.com/product/179655-175867/ปลาสำลี
HENG HENG Seafood,ปลากระบอกวัง,Mullet,ปลากระบอก,,,350,-,https://www.henghengseafood.com/product/179654-175866/ปลากระบอกวัง
HENG HENG Seafood,ปลาทราย,Sand Whiting,ปลาทราย,,,250,-,https://www.henghengseafood.com/product/179653-175865/ปลาทราย
HENG HENG Seafood,ปลาอินทรีย์สด หั่นแว่น,Spanish Mackerel,ปลาอินทรี,,,390,-,https://www.henghengseafood.com/product/179652/ปลาอินทรีย์สด-หั่นแว่น
HENG HENG Seafood,ปลาอินทรีย์แดดเดียว,Spanish Mackerel,ปลาอินทรี,,,415,-,https://www.henghengseafood.com/product/179651-175862/ปลาอินทรีย์แดดเดียว
HENG HENG Seafood,ปลาจาระเม็ด,Pomfret,ปลาจาระเม็ด,,,450,-,https://www.henghengseafood.com/product/179643/ปลาจาระเม็ด
HENG HENG Seafood,ปลาใบขนุน (อังนั้ม),White Fish,ปลาใบขนุน,,,340,-,https://www.henghengseafood.com/product/179641/ปลาใบขนุน-อังนั้ม
HENG HENG Seafood,กะพงแดงแล่ชิ้น,Sea Bass,ปลากะพง,,,390,-,https://www.henghengseafood.com/product/179639-175839/กะพงแดงแล่ชิ้น
HENG HENG Seafood,เก๋าแดงแล่ชิ้น,Grouper,ปลาเก๋า,,,590,-,https://www.henghengseafood.com/product/179634-175834/เก๋าแดงแล่ชิ้น
HENG HENG Seafood,เก๋าแล่ชิ้น,Grouper,ปลาเก๋า,,,390,-,https://www.henghengseafood.com/product/179629-175829/เก๋าแล่ชิ้น
HENG HENG Seafood,เก๋า Fillet,Grouper,ปลาเก๋า,,,230,-,https://www.henghengseafood.com/product/179628-175828/เก๋า-fillet
HENG HENG Seafood,เก๋าแล่สเต็ก 2 ขีด,Grouper,ปลาเก๋า,,,250,-,https://www.henghengseafood.com/product/179627-175827/เก๋าแล่สเต็ก-2-ขีด
HENG HENG Seafood,กะพงแล่ชิ้น,Sea Bass,ปลากะพง,,,390,-,https://www.henghengseafood.com/product/179626-175826/กะพงแล่ชิ้น
HENG HENG Seafood,กะพง Fillet,Sea Bass,ปลากะพง,,,170,-,https://www.henghengseafood.com/product/179625/กะพง-fillet
HENG HENG Seafood,กะพงแล่สเต็ก 2 ขีด,Sea Bass,ปลากะพง,,,255,-,https://www.henghengseafood.com/product/179624-175823/กะพงแล่สเต็ก-2-ขีด
HENG HENG Seafood,เก๋ายักษ์แล่,Grouper,ปลาเก๋า,,,550,-,https://www.henghengseafood.com/product/179623/เก๋ายักษ์แล่
HENG HENG Seafood,กะพงยักษ์แล่,Sea Bass,ปลากะพง,,,550,-,https://www.henghengseafood.com/product/179622/กะพงยักษ์แล่
HENG HENG Seafood,กุ้งลายเสือแกะ,Tiger Prawn,กุ้งลายเสือ,,,450,-,https://www.henghengseafood.com/product/179617-175814/กุ้งลายเสือแกะ
HENG HENG Seafood,กุ้งขาวแกะ L,Vannamei Shrimp,กุ้งขาว,,,225,-,https://www.henghengseafood.com/product/179616-175813/กุ้งขาวแกะ-l
HENG HENG Seafood,กุ้งขาวแกะ XL,Vannamei Shrimp,กุ้งขาว,,,290,-,https://www.henghengseafood.com/product/179615-175812/กุ้งขาวแกะ-xl
HENG HENG Seafood,กุ้งขาวแกะผ่าผีเสื้อ,Vannamei Shrimp,กุ้งขาว,,,0,-,https://www.henghengseafood.com/product/179614-175811/กุ้งขาวแกะผ่าผีเสื้อ
HENG HENG Seafood,กุ้งแชบ๊วยจัมโบ้แกะ,Banana Prawn,กุ้งแชบ๊วย,,,490,-,https://www.henghengseafood.com/product/179613/กุ้งแชบ๊วยจัมโบ้แกะ
HENG HENG Seafood,กุ้งลายเสือ,Tiger Prawn,กุ้งลายเสือ,,,590,-,https://www.henghengseafood.com/product/179612/กุ้งลายเสือ
HENG HENG Seafood,กุ้งขาว,Vannamei Shrimp,กุ้งขาว,,,380,-,https://www.henghengseafood.com/product/179610/กุ้งขาว
HENG HENG Seafood,กุ้งแชบ๊วย,Banana Prawn,กุ้งแชบ๊วย,,,700,-,https://www.henghengseafood.com/product/179609/กุ้งแชบ๊วย
HENG HENG Seafood,กุ้งแม่น้ำ To Go,Prawn,กุ้งแม่น้ำ,,,199,-,https://www.henghengseafood.com/product/179608/กุ้งแม่น้ำ-to-go
HENG HENG Seafood,กุ้งแม่น้ำสด,Prawn,กุ้งแม่น้ำ,,,620,-,https://www.henghengseafood.com/product/179607/กุ้งแม่น้ำสด
PPNSeafood,เนื้อหอยนางรม,Oyster,หอยนางรม,,0.2,45,,https://www.ppnseafoodwishing.com/product/%e0%b9%80%e0%b8%99%e0%b8%b7%e0%b9%89%e0%b8%ad%e0%b8%ab%e0%b8%ad%e0%b8%a2%e0%b8%99%e0%b8%b2%e0%b8%87%e0%b8%a3%e0%b8%a1/
PPNSeafood,กุ้งขาวแกะ,Vannamei Shrimp,กุ้งขาว,26-35 ตัว(280กรัม),0.28,250,,https://www.ppnseafoodwishing.com/product/%e0%b8%81%e0%b8%b8%e0%b9%89%e0%b8%87%e0%b8%82%e0%b8%b2%e0%b8%a7%e0%b9%81%e0%b8%81%e0%b8%b0/
PPNSeafood,เนื้อปลากะพงหั่นแช่แข็ง,Sea Bass,ปลากะพง,,0.8,360,,https://www.ppnseafoodwishing.com/product/%e0%b9%80%e0%b8%99%e0%b8%b7%e0%b9%89%e0%b8%ad%e0%b8%9b%e0%b8%a5%e0%b8%b2%e0%b8%81%e0%b8%b0%e0%b8%9e%e0%b8%87%e0%b8%ab%e0%b8%b1%e0%b9%88%e0%b8%99-800-%e0%b8%81%e0%b8%a3%e0%b8%b1%e0%b8%a1/
PPNSeafood,ปลาหิมะพอร์ชั่น,Snow Fish,ปลาหิมะ,,0.2,500,,https://www.ppnseafoodwishing.com/product/%e0%b8%9b%e0%b8%a5%e0%b8%b2%e0%b8%ab%e0%b8%b4%e0%b8%a1%e0%b8%b0%e0%b8%9e%e0%b8%ad%e0%b8%a3%e0%b9%8c%e0%b8%8a%e0%b8%b1%e0%b9%88%e0%b8%99200%e0%b8%81%e0%b8%a3%e0%b8%b1%e0%b8%a1%e0%b8%8a%e0%b8%b4/
PPNSeafood,กุ้งก้ามกราม,Prawn,กุ้งก้ามกราม,8-12 ตัวโล,1,500,,https://www.ppnseafoodwishing.com/product/%e0%b8%81%e0%b8%b8%e0%b9%89%e0%b8%87%e0%b8%81%e0%b9%89%e0%b8%b2%e0%b8%a1%e0%b8%81%e0%b8%a3%e0%b8%b2%e0%b8%a1/
PPNSeafood,กุ้งก้ามกราม,Prawn,กุ้งก้ามกราม,16-20 ตัวโล,1,400,,https://www.ppnseafoodwishing.com/product/%e0%b8%81%e0%b8%b8%e0%b9%89%e0%b8%87%e0%b8%81%e0%b9%89%e0%b8%b2%e0%b8%a1%e0%b8%81%e0%b8%a3%e0%b8%b2%e0%b8%a1/
PPNSeafood,กุ้งขาว,Vannamei Shrimp,กุ้งขาว,21-30 ตัวโล,1,480,,https://www.ppnseafoodwishing.com/product/%e0%b8%81%e0%b8%b8%e0%b9%89%e0%b8%87%e0%b8%82%e0%b8%b2%e0%b8%a7/
PPNSeafood,กุ้งขาว,Vannamei Shrimp,กุ้งขาว,41-50 ตัวโล,1,380,,https://www.ppnseafoodwishing.com/product/%e0%b8%81%e0%b8%b8%e0%b9%89%e0%b8%87%e0%b8%82%e0%b8%b2%e0%b8%a7/
PPNSeafood,กุ้งขาว,Vannamei Shrimp,กุ้งขาว,61-80 ตัวโล,1,350,,https://www.ppnseafoodwishing.com/product/%e0%b8%81%e0%b8%b8%e0%b9%89%e0%b8%87%e0%b8%82%e0%b8%b2%e0%b8%a7/
PPNSeafood,กุ้งลายเสือ,Tiger Prawn,กุ้งลายเสือ,10-20 ตัวโล,1,900,,https://www.ppnseafoodwishing.com/product/%e0%b8%81%e0%b8%b8%e0%b9%89%e0%b8%87%e0%b8%a5%e0%b8%b2%e0%b8%a2%e0%b9%80%e0%b8%aa%e0%b8%b7%e0%b8%ad/
PPNSeafood,กุ้งลายเสือ,Tiger Prawn,กุ้งลายเสือ,21-30 ตัวโล,1,600,,https://www.ppnseafoodwishing.com/product/%e0%b8%81%e0%b8%b8%e0%b9%89%e0%b8%87%e0%b8%a5%e0%b8%b2%e0%b8%a2%e0%b9%80%e0%b8%aa%e0%b8%b7%e0%b8%ad/
PPNSeafood,กุ้งลายเสือ,Tiger Prawn,กุ้งลายเสือ,31-40 ตัวโล,1,480,,https://www.ppnseafoodwishing.com/product/%e0%b8%81%e0%b8%b8%e0%b9%89%e0%b8%87%e0%b8%a5%e0%b8%b2%e0%b8%a2%e0%b9%80%e0%b8%aa%e0%b8%b7%e0%b8%ad/
PPNSeafood,เนื้อปลากะพงหั่นสด,Sea Bass,ปลากะพง,,0.5,300,,https://www.ppnseafoodwishing.com/product/%e0%b9%80%e0%b8%99%e0%b8%b7%e0%b9%89%e0%b8%ad%e0%b8%9b%e0%b8%a5%e0%b8%b2%e0%b8%81%e0%b8%b0%e0%b8%9e%e0%b8%87%e0%b8%ab%e0%b8%b1%e0%b9%88%e0%b8%99%e0%b8%aa%e0%b8%94/
PPNSeafood,กุ้งแชบ๊วย,Banana Prawn,กุ้งแชบ๊วย,,0.5,480,,https://www.ppnseafoodwishing.com/product/%e0%b8%81%e0%b8%b8%e0%b9%89%e0%b8%87%e0%b9%81%e0%b8%8a%e0%b8%9a%e0%b9%8a%e0%b8%a7%e0%b8%a2/
PPNSeafood,กุ้งก้ามกรามแกะ,Prawn,กุ้งก้ามกราม,,0.3,260,,https://www.ppnseafoodwishing.com/product/%e0%b8%81%e0%b8%b8%e0%b9%89%e0%b8%87%e0%b8%81%e0%b9%89%e0%b8%b2%e0%b8%a1%e0%b8%81%e0%b8%a3%e0%b8%b2%e0%b8%a1%e0%b9%81%e0%b8%81%e0%b8%b0/
PPNSeafood,กุ้งลายเสือแกะ,Tiger Prawn,กุ้งลายเสือ,,0.28,240,,https://www.ppnseafoodwishing.com/product/%e0%b8%81%e0%b8%b8%e0%b9%89%e0%b8%87%e0%b8%a5%e0%b8%b2%e0%b8%a2%e0%b9%80%e0%b8%aa%e0%b8%b7%e0%b8%ad%e0%b9%81%e0%b8%81%e0%b8%b0/
PPNSeafood,กุ้งแชบ๊วยแกะ,Banana Prawn,กุ้งแชบ๊วย,,0.28,400,,https://www.ppnseafoodwishing.com/product/%e0%b8%81%e0%b8%b8%e0%b9%89%e0%b8%87%e0%b9%81%e0%b8%8a%e0%b8%9a%e0%b9%8a%e0%b8%a7%e0%b8%a2%e0%b9%81%e0%b8%81%e0%b8%b0/
PPNSeafood,กุ้งขาวตาข่ายไซส์ L,Vannamei Shrimp,กุ้งขาว,,0.5,350,,https://www.ppnseafoodwishing.com/product/%e0%b8%81%e0%b8%b8%e0%b9%89%e0%b8%87%e0%b8%82%e0%b8%b2%e0%b8%a7%e0%b8%95%e0%b8%b2%e0%b8%82%e0%b9%88%e0%b8%b2%e0%b8%a2%e0%b9%84%e0%b8%8b%e0%b8%aa%e0%b9%8c-l/
PPNSeafood,ปลาเก๋า,Grouper,ปลาเก๋า,,0.5,270,,https://www.ppnseafoodwishing.com/product/%e0%b8%9b%e0%b8%a5%e0%b8%b2%e0%b9%80%e0%b8%81%e0%b9%8b%e0%b8%b2/
PPNSeafood,ปลาเก๋า,Grouper,ปลาเก๋า,,1,360,,https://www.ppnseafoodwishing.com/product/%e0%b8%9b%e0%b8%a5%e0%b8%b2%e0%b9%80%e0%b8%81%e0%b9%8b%e0%b8%b2/
PPNSeafood,ปลากะพง,Sea Bass,ปลากะพง,,0.5,180,,https://www.ppnseafoodwishing.com/product/%e0%b8%9b%e0%b8%a5%e0%b8%b2%e0%b8%81%e0%b8%b0%e0%b8%9e%e0%b8%87/
PPNSeafood,ปลากะพง,Sea Bass,ปลากะพง,,1,220,,https://www.ppnseafoodwishing.com/product/%e0%b8%9b%e0%b8%a5%e0%b8%b2%e0%b8%81%e0%b8%b0%e0%b8%9e%e0%b8%87/
PPNSeafood,ปลาสำลี,Black-banded Trevally,ปลาสำลี,,0.5,300,,https://www.ppnseafoodwishing.com/product/%e0%b8%9b%e0%b8%a5%e0%b8%b2%e0%b8%aa%e0%b8%b3%e0%b8%a5%e0%b8%b5/
PPNSeafood,ปลาจาระเม็ดขาว,Pomfret,ปลาจาระเม็ด,,1,900,,https://www.ppnseafoodwishing.com/product/%e0%b8%9b%e0%b8%a5%e0%b8%b2%e0%b8%88%e0%b8%b2%e0%b8%a3%e0%b8%b0%e0%b9%80%e0%b8%a1%e0%b9%87%e0%b8%94%e0%b8%82%e0%b8%b2%e0%b8%a7/
PPNSeafood,ปลาทราย,Sand Whiting,ปลาทราย,,1,310,,https://www.ppnseafoodwishing.com/product/%e0%b8%9b%e0%b8%a5%e0%b8%b2%e0%b8%97%e0%b8%a3%e0%b8%b2%e0%b8%a2/
PPNSeafood,ปลานํ้าดอกไม้,Barracuda,ปลานํ้าดอกไม้,,1,450,,https://www.ppnseafoodwishing.com/product/%e0%b8%9b%e0%b8%a5%e0%b8%b2%e0%b8%99%e0%b9%8d%e0%b9%89%e0%b8%b2%e0%b8%94%e0%b8%ad%e0%b8%81%e0%b9%84%e0%b8%a1%e0%b9%89/
PPNSeafood,เนื้อปลาเก๋า,Grouper,ปลาเก๋า,,1,850,,https://www.ppnseafoodwishing.com/product/%e0%b9%80%e0%b8%99%e0%b8%b7%e0%b9%89%e0%b8%ad%e0%b8%9b%e0%b8%a5%e0%b8%b2%e0%b9%80%e0%b8%81%e0%b9%8b%e0%b8%b2/
PPNSeafood,เนื้อปลากะพง,Sea Bass,ปลากะพง,,1,500,,https://www.ppnseafoodwishing.com/product/%e0%b9%80%e0%b8%99%e0%b8%b7%e0%b9%89%e0%b8%ad%e0%b8%9b%e0%b8%a5%e0%b8%b2%e0%b8%81%e0%b8%b0%e0%b8%9e%e0%b8%87-1-%e0%b8%81%e0%b8%81/
PPNSeafood,เนื้อปลากะพงแดง,Sea Bass,ปลากะพง,,1,950,,https://www.ppnseafoodwishing.com/product/%e0%b9%80%e0%b8%99%e0%b8%b7%e0%b9%89%e0%b8%ad%e0%b8%9b%e0%b8%a5%e0%b8%b2%e0%b8%81%e0%b8%b0%e0%b8%9e%e0%b8%87%e0%b9%81%e0%b8%94%e0%b8%87/
PPNSeafood,เนื้อปลาเก๋าหั่น,Grouper,ปลาเก๋า,,0.4,400,,https://www.ppnseafoodwishing.com/product/%e0%b9%80%e0%b8%99%e0%b8%b7%e0%b9%89%e0%b8%ad%e0%b8%9b%e0%b8%a5%e0%b8%b2%e0%b9%80%e0%b8%81%e0%b9%8b%e0%b8%b2%e0%b8%ab%e0%b8%b1%e0%b9%88%e0%b8%99/
PPNSeafood,เนื้อปลาอินทรีย์หั่น,Spanish Mackerel,ปลาอินทรี,,0.5,320,,https://www.ppnseafoodwishing.com/product/%e0%b8%9b%e0%b8%a5%e0%b8%b2%e0%b8%ad%e0%b8%b4%e0%b8%99%e0%b8%97%e0%b8%a3%e0%b8%b5%e0%b8%a2%e0%b9%8c%e0%b8%ab%e0%b8%b1%e0%b9%88%e0%b8%99/
PPNSeafood,เนื้อปลากราย,Minced Featherback Fish,เนื้อปลากราย,,1,330,,https://www.ppnseafoodwishing.com/product/%e0%b9%80%e0%b8%99%e0%b8%b7%e0%b9%89%e0%b8%ad%e0%b8%9b%e0%b8%a5%e0%b8%b2%e0%b8%81%e0%b8%a3%e0%b8%b2%e0%b8%a2/
PPNSeafood,ปลาแซลมอนฟินเลย์,Salmon,แซลมอน,,1.1,950,,https://www.ppnseafoodwishing.com/product/%e0%b8%9b%e0%b8%a5%e0%b8%b2%e0%b9%81%e0%b8%8b%e0%b8%a5%e0%b8%a1%e0%b8%ad%e0%b8%99%e0%b8%9f%e0%b8%b4%e0%b8%99%e0%b9%80%e0%b8%a5%e0%b8%a2%e0%b9%8c/
PPNSeafood,ปลาแซลมอนสเต็ก,Salmon,แซลมอน,,0.8,430,,https://www.ppnseafoodwishing.com/product/%e0%b8%9b%e0%b8%a5%e0%b8%b2%e0%b9%81%e0%b8%8b%e0%b8%a5%e0%b8%a1%e0%b8%ad%e0%b8%99%e0%b8%aa%e0%b9%80%e0%b8%95%e0%b9%87%e0%b8%81/
PPNSeafood,ปลาทูสด,Short-bodied Mackerel,ปลาทู,,1,220,,https://www.ppnseafoodwishing.com/product/%e0%b8%9b%e0%b8%a5%e0%b8%b2%e0%b8%97%e0%b8%b9%e0%b8%aa%e0%b8%94/
PPNSeafood,ปลาดอลลี่,Dory Fillet,ปลาดอลลี่,,1,100,,https://www.ppnseafoodwishing.com/product/%e0%b8%9b%e0%b8%a5%e0%b8%b2%e0%b8%94%e0%b8%ad%e0%b8%a5%e0%b8%a5%e0%b8%b5%e0%b9%88/
PPNSeafood,ปลาหมึกหอม,Squid,หมึก,1ตัว,,100,,https://www.ppnseafoodwishing.com/product/%e0%b8%9b%e0%b8%a5%e0%b8%b2%e0%b8%ab%e0%b8%a1%e0%b8%b6%e0%b8%81%e0%b8%ab%e0%b8%ad%e0%b8%a1/
PPNSeafood,ปลาหมึกหอม,Squid,หมึก,,1,420,,https://www.ppnseafoodwishing.com/product/%e0%b8%ab%e0%b8%a1%e0%b8%b6%e0%b8%81%e0%b8%ab%e0%b8%ad%e0%b8%a1-2-3%e0%b8%95%e0%b8%b1%e0%b8%a7-1-%e0%b8%81%e0%b8%b4%e0%b9%82%e0%b8%a5%e0%b8%81%e0%b8%a3%e0%b8%b1%e0%b8%a1/
PPNSeafood,ปลาหมึกหั่นวง,Squid,หมึก,,0.5,250,,https://www.ppnseafoodwishing.com/product/%e0%b8%9b%e0%b8%a5%e0%b8%b2%e0%b8%ab%e0%b8%a1%e0%b8%b6%e0%b8%81%e0%b8%ab%e0%b8%b1%e0%b9%88%e0%b8%99%e0%b8%a7%e0%b8%87/
PPNSeafood,หมึกกรอบหั่น,Squid,หมึก,,1,130,,https://www.ppnseafoodwishing.com/product/%e0%b8%ab%e0%b8%a1%e0%b8%b6%e0%b8%81%e0%b8%81%e0%b8%a3%e0%b8%ad%e0%b8%9a%e0%b8%ab%e0%b8%b1%e0%b9%88%e0%b8%99/
PPNSeafood,ปลาหมึกกล้วย,Squid,หมึก,6-8 ตัวโล,1,450,,https://www.ppnseafoodwishing.com/product/%e0%b8%9b%e0%b8%a5%e0%b8%b2%e0%b8%ab%e0%b8%a1%e0%b8%b6%e0%b8%81%e0%b8%81%e0%b8%a5%e0%b9%89%e0%b8%a7%e0%b8%a2/
PPNSeafood,ปลาหมึกกล้วย,Squid,หมึก,10-20 ตัวโล,1,380,,https://www.ppnseafoodwishing.com/product/%e0%b8%9b%e0%b8%a5%e0%b8%b2%e0%b8%ab%e0%b8%a1%e0%b8%b6%e0%b8%81%e0%b8%81%e0%b8%a5%e0%b9%89%e0%b8%a7%e0%b8%a2/
PPNSeafood,กรรเชียงปู,Crab Meat,เนื้อปูแกะ,,0.5,1600,,https://www.ppnseafoodwishing.com/product/%e0%b8%81%e0%b8%a3%e0%b8%a3%e0%b9%80%e0%b8%8a%e0%b8%b5%e0%b8%a2%e0%b8%87%e0%b8%9b%e0%b8%b9/
PPNSeafood,ปูม้าเป็น,Blue Swimmer Crab,ปูม้า,3-4 ตัวโล,1,800,,https://www.ppnseafoodwishing.com/product/%e0%b8%9b%e0%b8%b9%e0%b8%a1%e0%b9%89%e0%b8%b2%e0%b9%80%e0%b8%9b%e0%b9%87%e0%b8%99/
PPNSeafood,ปูม้าเป็น,Blue Swimmer Crab,ปูม้า,5-6ตัวโล,1,650,,https://www.ppnseafoodwishing.com/product/%e0%b8%9b%e0%b8%b9%e0%b8%a1%e0%b9%89%e0%b8%b2%e0%b9%80%e0%b8%9b%e0%b9%87%e0%b8%99/
PPNSeafood,เนื้อปูแกะ,Crab Meat,เนื้อปูแกะ,กลาง,0.5,1500,,https://www.ppnseafoodwishing.com/product/%e0%b9%80%e0%b8%99%e0%b8%b7%e0%b9%89%e0%b8%ad%e0%b8%9b%e0%b8%b9%e0%b9%81%e0%b8%81%e0%b8%b0/
PPNSeafood,เนื้อปูแกะ,Crab Meat,เนื้อปูแกะ,จัมโบ้,0.5,2000,,https://www.ppnseafoodwishing.com/product/%e0%b9%80%e0%b8%99%e0%b8%b7%e0%b9%89%e0%b8%ad%e0%b8%9b%e0%b8%b9%e0%b9%81%e0%b8%81%e0%b8%b0/
PPNSeafood,หอยแมลงภู่นิวซีแลนด์,Mussels,หอยแมลงภู่,,1,420,,https://www.ppnseafoodwishing.com/product/%e0%b8%ab%e0%b8%ad%e0%b8%a2%e0%b9%81%e0%b8%a1%e0%b8%a5%e0%b8%87%e0%b8%a0%e0%b8%b9%e0%b9%88%e0%b8%99%e0%b8%b4%e0%b8%a7%e0%b8%8b%e0%b8%b5%e0%b9%81%e0%b8%a5%e0%b8%99%e0%b8%94%e0%b9%8c/
PPNSeafood,หอยหวาน,Spotted Babylon,หอยหวาน,,1,250,,https://www.ppnseafoodwishing.com/product/%e0%b8%ab%e0%b8%ad%e0%b8%a2%e0%b8%ab%e0%b8%a7%e0%b8%b2%e0%b8%99/
PPNSeafood,หอยแมลงภู่,Mussels,หอยแมลงภู่,,1,120,,https://www.ppnseafoodwishing.com/product/%e0%b8%ab%e0%b8%ad%e0%b8%a2%e0%b9%81%e0%b8%a1%e0%b8%a5%e0%b8%87%e0%b8%a0%e0%b8%b9%e0%b9%88/
PPNSeafood,หอยลาย,Baby Clams,หอยลาย,,1,225,,https://www.ppnseafoodwishing.com/product/%e0%b8%ab%e0%b8%ad%e0%b8%a2%e0%b8%a5%e0%b8%b2%e0%b8%a2/
PPNSeafood,หอยตลับ,Hard Clams,หอยตลับ,,1,90,,https://www.ppnseafoodwishing.com/product/%e0%b8%ab%e0%b8%ad%e0%b8%a2%e0%b8%95%e0%b8%a5%e0%b8%b1%e0%b8%9a/
PPNSeafood,หอยเชลล์ญี่ปุ่นฝาเดียว,Scallops,หอยเชลล์,,0.8,400,,https://www.ppnseafoodwishing.com/product/%e0%b8%ab%e0%b8%ad%e0%b8%a2%e0%b9%80%e0%b8%8a%e0%b8%a5%e0%b8%a5%e0%b9%8c%e0%b8%8d%e0%b8%b5%e0%b9%88%e0%b8%9b%e0%b8%b8%e0%b9%88%e0%b8%99%e0%b8%9d%e0%b8%b2%e0%b9%80%e0%b8%94%e0%b8%b5%e0%b8%a2%e0%b8%a7/
PPNSeafood,หอยเชลล์ไทย,Scallops,หอยเชลล์,,0.25,250,,https://www.ppnseafoodwishing.com/product/%e0%b8%ab%e0%b8%ad%e0%b8%a2%e0%b9%80%e0%b8%8a%e0%b8%a5%e0%b8%a5%e0%b9%8c%e0%b9%84%e0%b8%97%e0%b8%a2/
PPNSeafood,เนื้อหอยลาย,Baby Clams,หอยลาย,,1,220,,https://www.ppnseafoodwishing.com/product/%e0%b9%80%e0%b8%99%e0%b8%b7%e0%b9%89%e0%b8%ad%e0%b8%ab%e0%b8%ad%e0%b8%a2%e0%b8%a5%e0%b8%b2%e0%b8%a2/
supreme seafoods,หมึกหอม,Squid,หมึก,5-7 ตัวโล,1,480,,https://supremeseafoods.net/products/80617286
supreme seafoods,ปูแป้นดองน้ำปลา,Pickled Crab,ปูดอง,,1,265,,https://supremeseafoods.net/products/80446930
supreme seafoods,แมงกะพรุนกระสุนล้างจืด,Jellyfish,แมงกะพรุน,,0.9,890,,https://supremeseafoods.net/products/80370248
supreme seafoods,หอยงวงช้างแช่แข็ง,Geoduck,หอยงวงช้าง,,,500,,https://supremeseafoods.net/products/80243053
supreme seafoods,แก้มปลาฮามาจิ,Hamachi Kama,ปลาฮามาจิ,,,490,,https://supremeseafoods.net/products/80241242
supreme seafoods,หมึกสายไข่แดดเดียว,Squid,หมึก,,0.25,390,,https://supremeseafoods.net/products/79801127
supreme seafoods,ฮามาจิแผ่น,Hamachi Kama,ปลาฮามาจิ,,1.7,2490,,https://supremeseafoods.net/products/78746049
supreme seafoods,เนื้อหอยเชลล์ไทย,Scallops,หอยเชลล์,,1,980,,https://supremeseafoods.net/products/77874500
supreme seafoods,ปลากุดสลาด,Leopard Coral Grouper,ปลากุดสลาด,,1,1990,,https://supremeseafoods.net/products/76657107
supreme seafoods,ปลากะพง,Sea Bass,ปลากะพง,,0.9,265,,https://supremeseafoods.net/products/76620765
supreme seafoods,หมึกกล้วยไซส์ใหญ่,Squid,หมึก,,2,840,,https://supremeseafoods.net/products/76505768
supreme seafoods,ปลากระบอกไข่,Mullet,ปลากระบอก,,0.5,480,,https://supremeseafoods.net/products/74987767
supreme seafoods,ปลาหิมะพอร์ชั่น,Snow Fish,ปลาหิมะ,,0.1,290,,https://supremeseafoods.net/products/74962894
supreme seafoods,กั้งไข่จัมโบ้,Mantish Shrimp,กั้ง,แพ็คผ่าหลัง,,380,,https://supremeseafoods.net/products/74851124
supreme seafoods,กั้งจัมโบ้,Mantish Shrimp,กั้ง,3-5 ตัวโล,1,890,,https://supremeseafoods.net/products/74766585
supreme seafoods,ปลาทู,Short-bodied Mackerel,ปลาทู,,0.5,99,,https://supremeseafoods.net/products/74106689
supreme seafoods,หมึกกล้วย,Squid,หมึก,,0.5,290,,https://supremeseafoods.net/products/73351075
supreme seafoods,หมึกกระตอย,Squid,หมึก,,0.5,290,,https://supremeseafoods.net/products/73098861
supreme seafoods,หอยเชลล์,Scallops,หอยเชลล์,,0.4,380,,https://supremeseafoods.net/products/72650721
supreme seafoods,หอยแครงจัมโบ้,Blood Cockles,หอยแครง,10-20 ตัวโล,1,380,,https://supremeseafoods.net/products/72593395
supreme seafoods,หอยแมลงภู่,Mussels,หอยแมลงภู่,,0.5,155,,https://supremeseafoods.net/products/72489285
supreme seafoods,หอยลาย,Baby Clams,หอยลาย,Giant,,280,,https://supremeseafoods.net/products/72478627
supreme seafoods,เอ็นหอยจอบ,Scallop Mantle,หอยจอบ,,0.3,290,,https://supremeseafoods.net/products/72453532
supreme seafoods,หอยหวาน,Spotted Babylon,หอยหวาน,พรีเมี่ยม,,1290,,https://supremeseafoods.net/products/72355676
supreme seafoods,ปูม้า,Blue Swimmer Crab,ปูม้า,3-6 ตัวโล,1,690,,https://supremeseafoods.net/products/71951487
supreme seafoods,กุ้งแม่น้ำ,Prawn,กุ้งแม่น้ำ,4-5 ตัวโล,1,1090,,https://supremeseafoods.net/products/71899241
supreme seafoods,หอยน้ำผึ้ง,Honey Snail,หอยน้ำผึ้ง,,,220,,https://supremeseafoods.net/products/71871027
supreme seafoods,กุ้งแม่น้ำ,Prawn,กุ้งแม่น้ำ,8-10 ตัวโล,1,690,,https://supremeseafoods.net/products/71843732
supreme seafoods,กุ้งแชบ๊วย,Banana Prawn,กุ้งแชบ๊วย,,0.5,345,,https://supremeseafoods.net/products/71813651
supreme seafoods,สเต็ก แซลม่อน ,Salmon,แซลมอน,,0.18,160,,https://supremeseafoods.net/products/71576538
supreme seafoods,กุ้งแม่น้ำ,Prawn,กุ้งแม่น้ำ,12-16 ตัวโล,1,590,,https://supremeseafoods.net/products/71500633
supreme seafoods,หอยชักตีน,Wing Shells,หอยชักตีน,,,320,,https://supremeseafoods.net/products/71232396
supreme seafoods,เป๋าฮื้อธรรมชาติ,Abalone,เป๋าฮื้อ,,0.5,990,,https://supremeseafoods.net/products/71159037
supreme seafoods,หมึกหอมสด,Squid,หมึก,1-2 ตัวโล,1,580,,https://supremeseafoods.net/products/71154234
supreme seafoods,กุ้งลายเสือ,Tiger Prawn,กุ้งลายเสือ,,0.5,690,,https://supremeseafoods.net/products/71132953
supreme seafoods,เนื้อก้ามปูจัมโบ้,Crab Meat,เนื้อปูแกะ,,0.5,690,,https://supremeseafoods.net/products/69900001
supreme seafoods,ไข่หมึกกล้วย,Squid,หมึก,,0.5,280,,https://supremeseafoods.net/products/70330161
supreme seafoods,กุ้งแม่น้ำ,Prawn,กุ้งแม่น้ำ,2-3 ตัวโล,1,1390,,https://supremeseafoods.net/products/69609562
supreme seafoods,หอยงวงช้าง,Geoduck,หอยงวงช้าง,,,1890,,https://supremeseafoods.net/products/69635630
supreme seafoods,กั้งแก้วแกะเปลือก,Mantish Shrimp,กั้ง,,0.4,580,,https://supremeseafoods.net/products/69551922
supreme seafoods,หมึกหอมสด,Squid,หมึก,3-5 ตัวโล,1,490,,https://supremeseafoods.net/products/69550900
supreme seafoods,หมึกไข่,Squid,หมึก,,0.3,180,,https://supremeseafoods.net/products/69550844
supreme seafoods,เนื้อหอยเชลล์,Scallops,หอยเชลล์,40-60 ตัวโล,1,380,,https://supremeseafoods.net/products/69550042
supreme seafoods,กุ้งลายเสือ,Tiger Prawn,กุ้งลายเสือ,,,1590,,https://supremeseafoods.net/products/69550021
siriratseafood,กุ้งก้ามกราม,Prawn,กุ้งก้ามกราม,15-20 ตัวโล,1,320,,https://siriratseafood.com/product/%e0%b8%81%e0%b8%b8%e0%b9%89%e0%b8%87%e0%b8%81%e0%b9%89%e0%b8%b2%e0%b8%a1%e0%b8%81%e0%b8%a3%e0%b8%b2%e0%b8%a1/
siriratseafood,ปลาทรายแดง,Sand Whiting,ปลาทราย,3-4 ตัวโล,1,140,,https://siriratseafood.com/product/%e0%b8%9b%e0%b8%a5%e0%b8%b2%e0%b8%97%e0%b8%a3%e0%b8%b2%e0%b8%a2%e0%b9%81%e0%b8%94%e0%b8%87/
siriratseafood,ปลาหมึกกระดองลอก,Squid,หมึก,5-7 ตัวโล,1,330,,https://siriratseafood.com/product/%e0%b8%9b%e0%b8%a5%e0%b8%b2%e0%b8%ab%e0%b8%a1%e0%b8%b6%e0%b8%81%e0%b8%81%e0%b8%a3%e0%b8%b0%e0%b8%94%e0%b8%ad%e0%b8%87%e0%b8%a5%e0%b8%ad%e0%b8%81/
siriratseafood,ปลาหมึกกล้วย,Squid,หมึก,1-2 ตัวโล,1,320,,https://siriratseafood.com/product/%e0%b8%9b%e0%b8%a5%e0%b8%b2%e0%b8%ab%e0%b8%a1%e0%b8%b6%e0%b8%81%e0%b8%81%e0%b8%a5%e0%b9%89%e0%b8%a7%e0%b8%a2/
siriratseafood,ปลาหมึกกล้วย,Squid,หมึก,1-3 ตัวโล,1,320,,https://siriratseafood.com/product/%e0%b8%9b%e0%b8%a5%e0%b8%b2%e0%b8%ab%e0%b8%a1%e0%b8%b6%e0%b8%81%e0%b8%81%e0%b8%a5%e0%b9%89%e0%b8%a7%e0%b8%a2/
siriratseafood,ปลาหมึกกล้วย,Squid,หมึก,4-5 ตัวโล,1,270,,https://siriratseafood.com/product/%e0%b8%9b%e0%b8%a5%e0%b8%b2%e0%b8%ab%e0%b8%a1%e0%b8%b6%e0%b8%81%e0%b8%81%e0%b8%a5%e0%b9%89%e0%b8%a7%e0%b8%a2/
siriratseafood,ปลาหมึกกล้วย,Squid,หมึก,18-20 ตัวโล,1,180,,https://siriratseafood.com/product/%e0%b8%9b%e0%b8%a5%e0%b8%b2%e0%b8%ab%e0%b8%a1%e0%b8%b6%e0%b8%81%e0%b8%81%e0%b8%a5%e0%b9%89%e0%b8%a7%e0%b8%a2/
siriratseafood,ปลาหมึกกล้วย,Squid,หมึก,25-30 ตัวโล,1,130,,https://siriratseafood.com/product/%e0%b8%9b%e0%b8%a5%e0%b8%b2%e0%b8%ab%e0%b8%a1%e0%b8%b6%e0%b8%81%e0%b8%81%e0%b8%a5%e0%b9%89%e0%b8%a7%e0%b8%a2/
siriratseafood,ปลาหมึกสายใหญ่,Squid,หมึก,,,160,,https://siriratseafood.com/product/%e0%b8%9b%e0%b8%a5%e0%b8%b2%e0%b8%ab%e0%b8%a1%e0%b8%b6%e0%b8%81%e0%b8%aa%e0%b8%b2%e0%b8%a2%e0%b9%83%e0%b8%ab%e0%b8%8d%e0%b9%88/
siriratseafood,ปลาอินทรี,Spanish Mackerel,ปลาอินทรี,,,600,,https://siriratseafood.com/product/%e0%b8%9b%e0%b8%a5%e0%b8%b2%e0%b8%ad%e0%b8%b4%e0%b8%99%e0%b8%97%e0%b8%a3%e0%b8%b5/
siriratseafood,ปูม้า,Blue Swimmer Crab,ปูม้า,3-4 ตัวโล,1,420,,https://siriratseafood.com/product/%e0%b8%9b%e0%b8%b9%e0%b8%a1%e0%b9%89%e0%b8%b2-3-4-%e0%b8%95%e0%b8%b1%e0%b8%a7%e0%b9%82%e0%b8%a5/
siriratseafood,ปูม้า,Blue Swimmer Crab,ปูม้า,6-7 ตัวโล,1,300,,https://siriratseafood.com/product/%e0%b8%9b%e0%b8%b9%e0%b8%a1%e0%b9%89%e0%b8%b2-3-4-%e0%b8%95%e0%b8%b1%e0%b8%a7%e0%b9%82%e0%b8%a5/
siriratseafood,ปูม้า,Blue Swimmer Crab,ปูม้า,7-8 ตัวโล,1,250,,https://siriratseafood.com/product/%e0%b8%9b%e0%b8%b9%e0%b8%a1%e0%b9%89%e0%b8%b2-3-4-%e0%b8%95%e0%b8%b1%e0%b8%a7%e0%b9%82%e0%b8%a5/
siriratseafood,ปูม้า,Blue Swimmer Crab,ปูม้า,9-10 ตัวโล,1,220,,https://siriratseafood.com/product/%e0%b8%9b%e0%b8%b9%e0%b8%a1%e0%b9%89%e0%b8%b2-3-4-%e0%b8%95%e0%b8%b1%e0%b8%a7%e0%b9%82%e0%b8%a5/
siriratseafood,ปูแสมขาวบ้าน ไซค์กลาง-ใหญ่,Meder's Mangrove Crab,ปูแสม,,,150,,https://siriratseafood.com/product/%e0%b8%9b%e0%b8%b9%e0%b9%81%e0%b8%aa%e0%b8%a1%e0%b8%82%e0%b8%b2%e0%b8%a7%e0%b8%9a%e0%b9%89%e0%b8%b2%e0%b8%99-%e0%b9%84%e0%b8%8b%e0%b8%84%e0%b9%8c%e0%b8%81%e0%b8%a5%e0%b8%b2%e0%b8%87-%e0%b9%83%e0%b8%ab/
siriratseafood,หอยนางรม,Oyster,หอยนางรม,,1,230,,https://siriratseafood.com/product/%e0%b8%ab%e0%b8%ad%e0%b8%a2%e0%b8%99%e0%b8%b2%e0%b8%87%e0%b8%a3%e0%b8%a1-%e0%b8%96%e0%b8%b8%e0%b8%87%e0%b8%a5%e0%b8%b01%e0%b8%81%e0%b8%b4%e0%b9%82%e0%b8%a5/
siriratseafood,เนื้อปูก้อนแดง,Crab Meat,เนื้อปูแกะ,เนื้อก้อนแดงใหญ่ปนเล็ก,1,1200,,https://siriratseafood.com/product/%e0%b9%80%e0%b8%99%e0%b8%b7%e0%b9%89%e0%b8%ad%e0%b8%81%e0%b9%89%e0%b8%ad%e0%b8%99%e0%b9%81%e0%b8%94%e0%b8%87/
siriratseafood,เนื้อปูก้อนแดง,Crab Meat,เนื้อปูแกะ,เนื้อก้อนแดงกลางปนเล็ก,1,950,,https://siriratseafood.com/product/%e0%b9%80%e0%b8%99%e0%b8%b7%e0%b9%89%e0%b8%ad%e0%b8%81%e0%b9%89%e0%b8%ad%e0%b8%99%e0%b9%81%e0%b8%94%e0%b8%87/
siriratseafood,เนื้อปูก้อนแดง,Crab Meat,เนื้อปูแกะ,เนื้อก้อนแดงเล็ก,1,750,,https://siriratseafood.com/product/%e0%b9%80%e0%b8%99%e0%b8%b7%e0%b9%89%e0%b8%ad%e0%b8%81%e0%b9%89%e0%b8%ad%e0%b8%99%e0%b9%81%e0%b8%94%e0%b8%87/
siriratseafood,เนื้อปูก้อนแดง,Crab Meat,เนื้อปูแกะ,เนื้ออกแดงA ,1,550,,https://siriratseafood.com/product/%e0%b9%80%e0%b8%99%e0%b8%b7%e0%b9%89%e0%b8%ad%e0%b8%81%e0%b9%89%e0%b8%ad%e0%b8%99%e0%b9%81%e0%b8%94%e0%b8%87/
siriratseafood,เนื้อปูม้า,Blue Swimmer Crab,ปูม้า,เนื้อก้อนม้าเล็กปนแตก,1,950,,https://siriratseafood.com/product/%e0%b9%80%e0%b8%99%e0%b8%b7%e0%b9%89%e0%b8%ad%e0%b8%9b%e0%b8%b9%e0%b8%a1%e0%b9%89%e0%b8%b2/
siriratseafood,เนื้อปูม้า,Blue Swimmer Crab,ปูม้า,เนื้อก้อนตอยจิ๋ว,1,650,,https://siriratseafood.com/product/%e0%b9%80%e0%b8%99%e0%b8%b7%e0%b9%89%e0%b8%ad%e0%b8%9b%e0%b8%b9%e0%b8%a1%e0%b9%89%e0%b8%b2/
siriratseafood,เนื้อปูม้า,Blue Swimmer Crab,ปูม้า,เนื้อก้ามม้า,1,700,,https://siriratseafood.com/product/%e0%b9%80%e0%b8%99%e0%b8%b7%e0%b9%89%e0%b8%ad%e0%b8%9b%e0%b8%b9%e0%b8%a1%e0%b9%89%e0%b8%b2/
siriratseafood,เนื้อปูม้า,Blue Swimmer Crab,ปูม้า,เนื้ออกม้า,1,550,,https://siriratseafood.com/product/%e0%b9%80%e0%b8%99%e0%b8%b7%e0%b9%89%e0%b8%ad%e0%b8%9b%e0%b8%b9%e0%b8%a1%e0%b9%89%e0%b8%b2/
siriratseafood,เนื้อปูม้า,Blue Swimmer Crab,ปูม้า,เนื้อนิ้วม้า,1,420,,https://siriratseafood.com/product/%e0%b9%80%e0%b8%99%e0%b8%b7%e0%b9%89%e0%b8%ad%e0%b8%9b%e0%b8%b9%e0%b8%a1%e0%b9%89%e0%b8%b2/
siriratseafood,แมงดาทะเลไข่,horseshoe crab,แมงดาทะเล,ตัวละ,,50,,https://siriratseafood.com/product/%e0%b9%81%e0%b8%a1%e0%b8%87%e0%b8%94%e0%b8%b2%e0%b8%97%e0%b8%b0%e0%b9%80%e0%b8%a5%e0%b9%84%e0%b8%82%e0%b9%88/
sirinfarm,กุ้งลายเสือดำ,Tiger Prawn,กุ้งลายเสือ,,0.25,185,,https://www.sirinfarm.com/th/product/%e0%b8%81%e0%b8%b8%e0%b9%89%e0%b8%87%e0%b8%a5%e0%b8%b2%e0%b8%a2%e0%b9%80%e0%b8%aa%e0%b8%b7%e0%b8%ad%e0%b8%94%e0%b8%b3-230-250-%e0%b8%81%e0%b8%a3%e0%b8%b1%e0%b8%a1/
sirinfarm,กุ้งลายเสือดำแกะเปลือก,Tiger Prawn,กุ้งลายเสือ,,0.15,195,,https://www.sirinfarm.com/th/product/peeled-tiger-prawn-130-150g/
sirinfarm,ปลากะพงขาวหั่นชิ้น,Sea Bass,ปลากะพง,,0.3,265,,https://www.sirinfarm.com/th/product/sea-bass-chunks-300g/
sirinfarm,ปลาทู,Short-bodied Mackerel,ปลาทู,,0.2,135,,https://www.sirinfarm.com/th/product/short-mackerel-200g/
sirinfarm,กุ้งขาวแกะเปลือก,Vannamei Shrimp,กุ้งขาว,,0.15,145,,https://www.sirinfarm.com/th/product/peeled-whiteleg-shrimps-150g/
sirinfarm,ปลากะพงขาวแล่,Sea Bass,ปลากะพง,,0.5,345,,https://www.sirinfarm.com/th/product/asian-sea-bass-fillet-500g/
sirinfarm,สเต็กปลากะพง,Sea Bass,ปลากะพง,,0.3,295,,https://www.sirinfarm.com/th/product/sea-bass-steak-300g/
sirinfarm,หัวปลากะพงรวมหาง,Sea Bass,ปลากะพง,,1,300,,https://www.sirinfarm.com/th/product/sea-bass-head-and-tail-800-1000g/
sirinfarm,เนื้อปูม้าแกะ,Blue Swimmer Crab,ปูม้า,,0.15,415,,https://www.sirinfarm.com/th/product/blue-swimming-crab-meat-150g/
sirinfarm,เนื้อหอยแกะ,Blue Swimmer Crab,ปูม้า,,0.2,115,,https://www.sirinfarm.com/th/product/cooked-clams-200g/